{"MSE_RLBHE":{"0":0.2157318116,"1":0.3426879594,"2":0.3284957108,"3":0.0874168242,"4":0.2753504393,"5":0.3948635687,"6":0.0790191466,"7":0.119631057,"8":0.4097356703,"9":0.2668742283,"10":0.2671791529,"11":0.0595106909,"12":0.1199268799,"13":0.0687302172,"14":0.3674849692},"PSNR_RLBHE":{"0":0.2318575233,"1":0.1815833002,"2":0.1861781925,"3":0.3299920857,"4":0.2053498477,"5":0.166187644,"6":0.3409638405,"7":0.2959108055,"8":0.1621712446,"9":0.2087465227,"10":0.2086224556,"11":0.3717653453,"12":0.295642525,"13":0.3561184406,"14":0.1739938706},"SSIM_RLBHE":{"0":0.1311704814,"1":0.1073257923,"2":0.0896785781,"3":0.2058979273,"4":0.1210652217,"5":0.0597708412,"6":0.0783487856,"7":0.1349302828,"8":0.0532643981,"9":0.0976070687,"10":0.1036980078,"11":0.3372395039,"12":0.1814234108,"13":0.164906472,"14":0.1308351755},"MSE_FRx":{"0":0.224128979,"1":0.074933144,"2":0.0640703905,"3":0.3415092742,"4":0.0698957052,"5":0.2773298056,"6":0.1911992671,"7":0.6239136195,"8":0.2373732866,"9":0.2698503875,"10":0.0703234152,"11":0.0852273119,"12":0.1617728204,"13":0.2603507276,"14":0.2836682876},"PSNR_FRx":{"0":0.2404910624,"1":0.3035411239,"2":0.3125537932,"3":0.2162549645,"4":0.3075459599,"5":0.2282343805,"6":0.2496356219,"7":0.1815749407,"8":0.237187162,"9":0.2298077196,"10":0.3071948886,"11":0.2961333394,"12":0.2592530847,"13":0.231870085,"14":0.2269339263},"SSIM_FRx":{"0":0.4620366096,"1":0.4403083622,"2":0.3590546548,"3":0.4049965441,"4":0.4965454638,"5":0.4066741765,"6":0.3615688384,"7":0.34875682,"8":0.3726145029,"9":0.3565080166,"10":0.4101959169,"11":0.5413115621,"12":0.4818662107,"13":0.3467545807,"14":0.4390570223},"MSE_LIME":{"0":0.1824835184,"1":0.2621762346,"2":0.1677569787,"3":0.011886557,"4":0.2332429249,"5":0.5344915359,"6":0.0500638271,"7":0.0682572235,"8":0.5691166692,"9":0.2689393501,"10":0.1760976676,"11":0.0383699743,"12":0.1225761292,"13":0.0226049132,"14":0.2796249341},"PSNR_LIME":{"0":0.2172569931,"1":0.1901607811,"2":0.2235490382,"3":0.4214936495,"4":0.198905021,"5":0.1368967444,"6":0.3139715493,"7":0.2907916307,"8":0.132202968,"9":0.1882562786,"10":0.219920665,"11":0.3338641226,"12":0.2470130622,"13":0.3734296262,"14":0.1853426546},"SSIM_LIME":{"0":0.3839664757,"1":0.266879648,"2":0.2957371771,"3":0.4839118421,"4":0.3235781491,"5":0.16192545,"6":0.3154955804,"7":0.2689352036,"8":0.1406003684,"9":0.2020788044,"10":0.2499037236,"11":0.4151405394,"12":0.37445274,"13":0.2772735357,"14":0.3062170744},"MSE_FHSABP":{"0":0.2368242085,"1":0.3238840724,"2":0.2538020923,"3":0.0659184271,"4":0.2920891743,"5":0.4128664647,"6":0.099304838,"7":0.1466143748,"8":0.425813476,"9":0.248589918,"10":0.2509817794,"11":0.1186145589,"12":0.1577738939,"13":0.0766774613,"14":0.363556414},"PSNR_FHSABP":{"0":0.222199291,"1":0.1794921905,"2":0.2127543837,"3":0.3966604173,"4":0.1935875118,"5":0.1463790238,"6":0.3407607973,"7":0.2876119614,"8":0.1421669126,"9":0.2155850083,"10":0.2142787576,"11":0.316521883,"12":0.2776049376,"13":0.3760358691,"14":0.1637296081},"SSIM_FHSABP":{"0":0.102185607,"1":0.0684379637,"2":0.0506092273,"3":0.2061177641,"4":0.0673525855,"5":0.020931229,"6":0.0289059263,"7":0.0653580502,"8":0.0179350879,"9":0.0301500466,"10":0.0724692568,"11":0.1079822481,"12":0.029943971,"13":0.0829635337,"14":0.0872677043},"MSE_DUAL":{"0":0.1854574999,"1":0.2626252282,"2":0.1672231345,"3":0.0117870246,"4":0.2362911065,"5":0.5304277725,"6":0.0526543572,"7":0.0694463701,"8":0.5687784618,"9":0.2656116944,"10":0.1752719461,"11":0.0395914744,"12":0.1242528696,"13":0.0244747495,"14":0.2852447482},"PSNR_DUAL":{"0":0.2166022807,"1":0.1902178079,"2":0.2244513184,"3":0.4256007969,"4":0.1982311904,"5":0.1369064897,"6":0.3120891452,"7":0.2910964787,"8":0.1316123903,"9":0.189360261,"10":0.2208861858,"11":0.3337134123,"12":0.2469762117,"13":0.3701897264,"14":0.1839520037},"SSIM_DUAL":{"0":0.3802689612,"1":0.263907522,"2":0.2938467264,"3":0.4837780297,"4":0.3194094002,"5":0.1586889774,"6":0.3120096624,"7":0.2680875957,"8":0.1376939863,"9":0.2000890523,"10":0.2497718483,"11":0.4119655192,"12":0.3680677116,"13":0.27485165,"14":0.3017428219},"MSE_Rx":{"0":0.3702775253,"1":0.1404253248,"2":0.056382398,"3":0.2345426751,"4":0.1245056604,"5":0.49643088,"6":0.1160495386,"7":0.161311087,"8":0.5456183996,"9":0.2427754812,"10":0.0888914071,"11":0.1472356912,"12":0.1249071748,"13":0.2482565182,"14":0.1417726931},"PSNR_Rx":{"0":0.2069675475,"1":0.2709988654,"2":0.3312619627,"3":0.2371226102,"4":0.2789450884,"5":0.1876050234,"6":0.2835900187,"7":0.2618417442,"8":0.1813658178,"9":0.2348442525,"10":0.3011965156,"11":0.2678712308,"12":0.2787325084,"13":0.233369872,"14":0.2703681886},"SSIM_Rx":{"0":0.3080727756,"1":0.2166896015,"2":0.2855241001,"3":0.3620196581,"4":0.2785978019,"5":0.1629362553,"6":0.2595317662,"7":0.1935484409,"8":0.1656375378,"9":0.1933159679,"10":0.2036387175,"11":0.3082374334,"12":0.3627799749,"13":0.1913220733,"14":0.2855843306}}